slug,fear_slug,title,intro,conclusion,image_url,tags,question,  
article_1,"altitude,accident,enfermement,panique",Vous nâ€™Ãªtes pas seul,"Tu nâ€™es pas seul(e) Ã  avoir peur de lâ€™avion ğŸ¤—Â : cette phobie touche environ 20 % de la population. 

Le â€œmonde du cielâ€ reste un domaine Ã  la fois proche et inconnu auquel notre cerveau nâ€™a pas eu le temps de se familiariser. Et ceci explique probablement lâ€™Ã©norme proportion de personnes ayant peur de lâ€™avion.","Ne laisse plus cette peur freiner tes envies de voyage ğŸŒ ! ComplÃ¨te tes programmes et suit les Ã©tapes. Par ton participation, tu feras changer les choses afin que voyager puisse rimer avec libertÃ© !",Ã  completer,infos psy,Combien de personnes souffrent de la peur de lâ€™avion ?,
article_2,"altitude,accident,enfermement,panique",Les profils de peur de lâ€™avion,La phobie de lâ€™avion peut se dÃ©composer en plusieurs dimensions qui se renforcent les unes les autres.,"Ne vous inquiÃ©tez pas si vous avez lâ€™impression de cumuler plusieurs de ces catÃ©gories, cela est tout Ã  fait normal. Quelle que soit lâ€™intensitÃ© de la peur de lâ€™avion, elle peut Ãªtre surmontÃ©e grÃ¢ce aux bonnes techniques. 

Pour vaincre une phobie, il est essentiel de nourrir votre esprit avec de nouvelles informations rassurantes et de vous exposer progressivement Ã  ce qui vous effraie. Cette approche permet Ã  lâ€™anxiÃ©tÃ© de sâ€™attÃ©nuer au fil du temps.",Profils peur.png,infos psy ,Quel est le point commun de toutes les peurs ?,
article_3,"altitude,accident,enfermement,panique",Quand les symptÃ´mes prennent le dessus,"Le dÃ©veloppement spectaculaire de notre sociÃ©tÃ© a fait en sorte de crÃ©er des situations qui nâ€™ont pas de sens pour le cerveau. Celui-ci peine parfois Ã  distinguer un vrai danger dâ€™une simple impression : se sentir piÃ©gÃ© dans un ascenseur, regarder dans le vide, croiser une araignÃ©e ou imaginer un accident en avion, cela nourrit la mÃªme zone dans le cerveau. ","Pour surmonter une phobie, il est essentiel de rompre ce cycle d'Ã©vitement. Cela passe par une exposition progressive et contrÃ´lÃ©e Ã  la situation redoutÃ©e, accompagnÃ©e de techniques de gestion du stress. En exposant doucement le cerveau Ã  ce qui cause la peur, on lui permet de comprendre que la menace est souvent bien moins grande quâ€™elle ne le semblait initialement.",Ã  completer,infos psy ,Quel est lâ€™impact de lâ€™Ã©vitement ?,
article_4,"altitude,accident,enfermement,panique",Apprendre Ã  modifier ses pensÃ©es catastrophe,"Nos pensÃ©es ont un impact direct sur nos Ã©motions et notre comportement. Ton cerveau, influencÃ© par des rÃ©flexes ancestraux, a tendance Ã  amplifier les dangers imaginaires. Les TCC permettent de dÃ©construire les pensÃ©es catastrophiques de maniÃ¨re progressive. Au dÃ©but il faut persÃ©vÃ©rer mais le succÃ¨s est garanti quand on sâ€™entraÃ®ne.  Voici le schÃ©ma Ã  suivre pour rÃ©duire les pensÃ©es catastrophe :","Explore le contenu liÃ© Ã  tes peurs dans lâ€™app et prends le temps de noter des pensÃ©es plus rÃ©alistes. Ce processus tâ€™aidera Ã  remplacer progressivement les idÃ©es nÃ©gatives par des pensÃ©es plus rationnelles, rÃ©duisant ainsi la peur.

En prenant conscience que tes peurs sont souvent exagÃ©rÃ©es, tu verras que te confronter Ã  la situation deviendra de plus en plus facile.",Ã  complÃ©ter,infos psy,Tu entends un bruit dans lâ€™avionâ€¦,
article_5,accident,Pourquoi lâ€™avion est le moyen de transport le plus sÃ»r ?,"MalgrÃ© les craintes quâ€™il peut inspirer, lâ€™avion est le moyen de transport le plus sÃ»r au monde. Alors pourquoi une telle peur ? Les mÃ©dias jouent un rÃ´le clÃ© dans cette perception : ils focalisent lâ€™attention sur les accidents aÃ©riens, souvent trÃ¨s mÃ©diatisÃ©s en raison de leur raretÃ©, alors que les accidents de voiture, bien plus frÃ©quents et mortels, passent souvent inaperÃ§us. Explorons ensemble les raisons pour lesquelles voler est aussi sÃ»r.","Voler est une prouesse technologique et organisationnelle oÃ¹ chaque dÃ©tail est pensÃ© pour garantir votre sÃ©curitÃ©. DerriÃ¨re chaque vol, des milliers de professionnels Å“uvrent pour que tout se passe bien pour toi. Alors la prochaine fois que tu montes Ã  bord, souviens-toi : tu es entre de bonnes mains.",Avion dessus nuages.png,infos aÃ©ro,Combien de fois l'avion est-il plus sÃ»r que la voiture ?,
article_6,accident,Comprendre les principes du vol pour rÃ©duire la peur,"Pour beaucoup, la peur de lâ€™avion vient de lâ€™incomprÃ©hension : Comment un engin de plusieurs tonnes peut-il flotter dans les airs ? Comprendre les principes de base du vol peut rassurer et rÃ©duire les pensÃ©es catastrophiques.","Prends le temps de visualiser comment toutes ces forces agissent ensemble pour garantir un vol stable. La prochaine fois que tu seras dans un avion, rappele-toi que tu es entourÃ© de systÃ¨mes, dâ€™ingÃ©nieurs, et de pilotes hautement qualifiÃ©s qui maÃ®trisent parfaitement ces principes !",Ã  completer,infos aÃ©ro,Comment lâ€™avion reste-t-il en lâ€™air ?,
article_7,accident,Les turbulences sont-elles dangereuses,"Les turbulences, ces secousses parfois dÃ©concertantes, sont lâ€™une des prÃ©occupations majeures pour les passagers anxieux. Pourtant, elles sont une partie normale du vol. ","Les turbulences peuvent Ãªtre dÃ©stabilisantes, mais elles ne reprÃ©sentent pas un danger pour les avions. Lâ€™avion sait affronter bien plus que ce que la nature peut lui imposer. Les secousses que tu ressens, bien quâ€™impressionnantes, sont minimes ! Rappelle-toi : ces ""bosses dans le ciel"" sont simplement un phÃ©nomÃ¨ne naturel, et non une menace. 

Respire, dÃ©tends-toi, et laisse ton avion t'emmener en toute sÃ©curitÃ© Ã  ta destination rÃªvÃ©e ğŸŒ¤ï¸âœˆï¸Â !",Ã  competer,infos aÃ©ro,Que reprÃ©sentent les turbulences pour un avion ?,