article_slug,title,content
article_1,Ma peur : un puzzle Ã  multiples facettes ğŸ§©,"Sommes-nous responsables de cette situation, vient-elle

de lâ€™enfance ? Les phobies, comme celle de lâ€™avion, naissent rarement dâ€™une seule cause. Ce sont des mÃ©canismes complexes qui sâ€™installent et se renforcent avec le temps, comme un engrenage subtil qui se met en place.

Dâ€™un cÃ´tÃ©, il y a les **facteurs innÃ©s ou gÃ©nÃ©tiques** :un peu comme le gÃ¨ne des yeux bleus ou marron, il en est de mÃªme pour lâ€™anxiÃ©tÃ©. De lâ€™autre, on trouve les **facteurs extÃ©rieurs,** qui, petit Ã  petit, alimentent la peur : une mauvaise expÃ©rience, des rÃ©cits effrayants ou mÃªme le simple fait de voir un parent qui a peur.

Mais bonne nouvelle : tout puzzle peut Ãªtre dÃ©construit ! Avec une approche adaptÃ©e,  il est possible de reprendre le contrÃ´le ğŸ’ª."
article_1,Comment la peur de lâ€™avion sâ€™installe ?,"Le voyage en avion est devenu une vraie norme sociale et il devient de plus en plus difficile de sâ€™en passer: raisons professionnelles, familiales ou touristiquesâ€¦ Des millions de personnes renoncent pourtant Ã  leurs projets en raison de leur peur de lâ€™avion. Des personnes qui ont voyagÃ© pendant des annÃ©es se mettent tout Ã  coup Ã  Ã©viter lâ€™avion ou voient leur peur se renforcer avec le temps. Le scÃ©nario est toujours le mÃªme : une fois quâ€™une petite apprÃ©hension est prÃ©sente, on entre dans un cercle vicieux et la peur se renforce avec le temps. Lâ€™anxiÃ©tÃ© va apparaÃ®tre ainsi de plus en plus tÃ´t, parfois dÃ¨s la rÃ©servation du billet ou mÃªme avant. 

Une fois lancÃ© sur des questions de sÃ©curitÃ©, notre cerveau imagine facilement le pire, aidÃ© en cela par lâ€™actualitÃ© et les mÃ©dias."
article_1,Comment vaincre la peur de lâ€™avion âœˆï¸ ?,"Combattre une phobie nÃ©cessite de la rÃ©pÃ©tition et de nouveaux apprentissages. Il est important de se re-habituer Ã  lâ€™avion de maniÃ¨re progressive : il est conseillÃ© de sâ€™entraÃ®ner aux exercices de relaxation, si possible, tous les jours avant le vol et Ã©galement suivre les petites Ã©tapes qui permettent de se re-habituer aux bruits et vidÃ©os des avions ainsi que de lire les informations concernant la sÃ©curitÃ© aÃ©ronautique. 
Ici, tu trouveras les techniques de gestion du stress basÃ©es sur la psychologie scientifique et des explications claires sur les phÃ©nomÃ¨nes aÃ©ronautiques. Un petit quiz tâ€™accompagnera Ã  chaque Ã©tape. Nos experts sont Ã©galement lÃ  pour te soutenir si tu en ressens le besoin. "
article_2,La peur de lâ€™accident,"Elle repose souvent sur lâ€™impression que lâ€™avion nâ€™est pas un endroit sÃ»r. Ton cerveau, influencÃ© par les mÃ©dias, lâ€™irrationalitÃ© du vol et la peur des incidents, perÃ§oit lâ€™avion comme dangereux. Cela active la zone Ã©motionnelle de ton cerveau, qui tâ€™envoie des signaux dâ€™alerte exagÃ©rÃ©s et provoque tous les symptÃ´mes dÃ©sagrÃ©ables. "
article_2,Peur de paniquer,"La â€œpeur dâ€™avoir peurâ€ peut Ãªtre liÃ©e Ã  lâ€™anticipation dâ€™un accident mais elle peut aussi se cumuler avec la claustrophobie. Ton cÅ“ur sâ€™emballe, ta respiration devient difficile, tu transpires, tu trembles. Une sensation dâ€™Ã©touffement, des frissons, des vertiges ou des bouffÃ©es de chaleur sâ€™ajoutent. Ces symptÃ´mes physiques sâ€™accompagnent parfois de lâ€™impression de perdre le contrÃ´le, de devenir fou ou mÃªme de mourir.

Câ€™est une attaque de panique, un vÃ©ritable raz-de-marÃ©e dâ€™anxiÃ©tÃ©. Bien que terrifiante, elle ne dure que quelques minutes avant de sâ€™attÃ©nuer progressivement. 

Il est primordial de savoir quâ€™une attaque de panique ne reprÃ©sente pas de risque pour la santÃ©. Elle nâ€™a aucune autre consÃ©quence que dâ€™Ãªtre dÃ©sagrÃ©able."
article_2,Peur de lâ€™enfermement/agoraphobie,"Elle est caractÃ©risÃ©e par une anxiÃ©tÃ© liÃ©e au fait de se retrouver dans des endroits ou des situations dâ€™oÃ¹ il pourrait Ãªtre difficile (ou gÃªnant) de sâ€™Ã©chapper, ou dans lesquelles on pourrait ne pas trou

ver de secours en cas dâ€™attaque de panique ou de symptÃ´mes associÃ©s.

Sâ€™ajoutent alors une peur de subir de nouvelles attaques de panique et une crainte de ses Ã©ventuelles consÃ©quences. 

Heureusement, avec des techniques de relaxation et une exposition progressive, il est possible de rÃ©duire cette peur paralysante et de reprendre confiance dans ces situations."
article_2,Peur de lâ€™altitude/vide,"Ne vous inquiÃ©tez pas si vous avez lâ€™impression de cumuler plusieurs de ces catÃ©gories, cela est tout Ã  fait normal. Quelle que soit lâ€™intensitÃ© de la peur de lâ€™avion, elle peut Ãªtre surmontÃ©e grÃ¢ce aux bonnes techniques. 

Pour vaincre une phobie, il est essentiel de nourrir votre esprit avec de nouvelles informations rassurantes et de vous exposer progressivement Ã  ce qui vous effraie. Cette approche permet Ã  lâ€™anxiÃ©tÃ© de sâ€™attÃ©nuer au fil du temps."
article_3,Comment le cerveau fonctionne face Ã  la peur ğŸ§  ?,"Une fois quâ€™une situation est perÃ§ue comme dangereuse, le cerveau enregistre cette information, provoquant des symptÃ´mes physiques et Ã©motionnels. Certaines situations, pourtant sans risque rÃ©el, dÃ©clenchent des rÃ©flexes innÃ©s hÃ©ritÃ©s de nos ancÃªtres. Chez certains personnes, ce mÃ©canisme de survie sâ€™active plus facilement, provoquant une rÃ©action identique face Ã  un danger rÃ©el ou imaginÃ©. 

Une fois quâ€™une situation est perÃ§ue comme dangereuse, notre cerveau enregistre cette information Ã  long terme et dÃ©clenche des signaux dâ€™alerte pour nous Ã©viter de la revivre. Ceci explique tous les symptÃ´mes que vous ressentez."
article_3,Les symptÃ´mes les plus frÃ©quents,"Les symptÃ´mes de la peur de lâ€™avion se manifestent sur trois niveaux :

- **Physique :** accÃ©lÃ©ration du rythme cardiaque, sueurs, tremblements, respiration courte, vertiges, nausÃ©es, douleursâ€¦
- **Ã‰motionnel :** angoisse intense, panique incontrÃ´lable, sentiment dâ€™impuissanceâ€¦
- **Mental :** pensÃ©es catastrophiques, anticipation du pire, sentiment dâ€™Ãªtre incapable de gÃ©rer la situationâ€¦

Ces rÃ©actions, bien que terrifiantes, sont des rÃ©ponses exagÃ©rÃ©es de notre cerveau Ã  une situation perÃ§ue comme dangereuse, mais qui, en rÃ©alitÃ©, ne lâ€™est pas."
article_3 ,Impact sur lâ€™estime de soi ğŸŒŸ,"Ne pas surmonter sa peur peut crÃ©er un effet boule de neige : baisse de lâ€™estime de soi, impression dâ€™Ãªtre impuissant face Ã  une situation, et des impacts qui se font sentir dans votre vie familiale et professionnelle. Mais chaque pas vers le changement peut inverser cette dynamique !"
article_3,Installation des Ã©vitements,"Pour surmonter une phobie, il est essentiel de rompre ce cycle d'Ã©vitement. Cela passe par une exposition progressive et contrÃ´lÃ©e Ã  la situation redoutÃ©e, accompagnÃ©e de techniques de gestion du stress. En exposant doucement le cerveau Ã  ce qui cause la peur, on lui permet de comprendre que la menace est souvent bien moins grande quâ€™elle ne le semblait initialement. "
article_4,DÃ©cris la situation problÃ¨me,"Lorsque tu prends lâ€™avion, tu commences Ã  te sentir mal Ã  l'aise dÃ¨s que lâ€™avion dÃ©colle. La pression des oreilles, les bruits et les turbulences dÃ©clenchent un intense malaise."
article_4,DÃ©cris tes Ã©motions,"La situation provoque une angoisse intense, la sensation de manquer de contrÃ´le, accompagnÃ©e parfois de palpitations, de transpiration, voire dâ€™un sentiment de panique. Tu te sens stressÃ©, cela te donne envie de fuir la situation. "
article_4,Prends conscience de tes pensÃ©es â€œcatastropheâ€,"Vous avez lâ€™impression que quelque chose de grave va arriver. Votre esprit commence Ã  imaginer le pire scÃ©nario possible : ""Lâ€™avion va sâ€™Ã©craser"", ""Je vais mourir"", ""Je nâ€™arriverai jamais Ã  gÃ©rer Ã§a"". Ces pensÃ©es sont des interprÃ©tations erronÃ©es de la rÃ©alitÃ©."
article_4,Mets en place des pensÃ©es plus rÃ©alistes,"GrÃ¢ce aux TCC, vous pouvez apprendre Ã  remplacer ces pensÃ©es catastrophiques par des pensÃ©es plus rÃ©alistes : ""Les accidents dâ€™avion sont extrÃªmement rares"", ""Le personnel de bord est formÃ© pour gÃ©rer toutes les situations"", ""Je suis en sÃ©curitÃ© et tout va bien se passer"". En rÃ©Ã©valuant la situation de maniÃ¨re rationnelle, l'anxiÃ©tÃ© diminue."
article_5,Des chiffres qui rassurent ğŸ“Š,"Les chiffres parlent dâ€™eux-mÃªmes, et ils sont lÃ  pour apaiser vos craintes ğŸ¤— :

- Chaque annÃ©e, 37 millions de vols transportent environ 4,96 milliards de passagers. Et dans la plupart des cas, aucun dÃ©cÃ¨s nâ€™est Ã  dÃ©plorer. Lâ€™avion est sans doute lâ€™un des endroits les plus sÃ»rs au monde, oÃ¹ chaque dÃ©tail est pensÃ© pour garantir votre sÃ©curitÃ©.
- Ã€ cÃ´tÃ© de Ã§a, les accidents de la route causent chaque annÃ©e 1,2 million de dÃ©cÃ¨s et environ 50 millions de blessÃ©s ou handicapÃ©s.

Alors, la prochaine fois que vous ressentez une montÃ©e de stress en avion, rappelez-vous : vous Ãªtes bien plus en sÃ©curitÃ© Ã  10â€¯000 mÃ¨tres dâ€™altitude que sur le chemin pour rejoindre lâ€™aÃ©roport. ğŸš—"
article_5,Pourquoi lâ€™avion est-il si sÃ»r ğŸ›« ?,"1. Une technologie de pointe :
    
    Les avions sont conÃ§us pour Ãªtre incroyablement robustes. Chaque composant est testÃ© dans des conditions extrÃªmes, allant bien au-delÃ  de ce quâ€™il rencontrera en vol. Les moteurs, par exemple, sont capables de fonctionner mÃªme en cas de dÃ©faillance dâ€™un autre moteur.
    
2. Des contrÃ´les rigoureux :
    
    Avant chaque vol, les avions passent par des inspections minutieuses. Des Ã©quipes au sol vÃ©rifient chaque dÃ©tail, du fonctionnement des systÃ¨mes Ã  la structure de lâ€™appareil. En plus, chaque avion suit un programme de maintenance strict.
    
3. Des pilotes ultra-entraÃ®nÃ©s :
    
    Les pilotes ne sont pas seulement des conducteurs de luxeâ€¯: ils sont formÃ©s pour gÃ©rer toutes les situations possibles, y compris les scÃ©narios les plus improbables. Simulations de panne, formations rÃ©guliÃ¨resâ€¦ ils sont prÃªts Ã  tout.
    
4. Une surveillance constante :
    
    Le ciel est sous haute surveillance. Des contrÃ´leurs aÃ©riens, assistÃ©s par des technologies avancÃ©es, suivent chaque avion Ã  la trace pour garantir des vols en toute sÃ©curitÃ©."
article_5,Un systÃ¨me qui apprend de chaque incident ğŸ“š,"En aÃ©ronautique, chaque pÃ©pin, mÃªme minuscule, est traitÃ© comme une enquÃªte. Toutes les donnÃ©es sont dÃ©cortiquÃ©es pour comprendre ce qui sâ€™est passÃ© et trouver des moyens dâ€™Ã©viter que Ã§a ne se reproduise.

Contrairement aux accidents de la route (quâ€™on finit par accepter comme une fatalitÃ©), lâ€™aviation adopte une approche super proactive. Ici, pas question de ""laisser passer""â€¯: chaque dÃ©tail compte pour rendre tes vols toujours plus sÃ»rs. Lâ€™aviation, câ€™est lâ€™Ã©lÃ¨ve modÃ¨le de la sÃ©curitÃ©â€¯! ğŸ‘"
article_5,Pourquoi cette peur persiste ğŸ¤” ?,"Eh bien, notre cerveau adore nous jouer des tours.

1. Le biais des mÃ©dias ğŸ¥ :
    
    Les accidents dâ€™avion, rares mais spectaculaires, font toujours la une. Pendant ce temps, personne ne parle des milliers de vols qui arrivent sans souci chaque jour. RÃ©sultatâ€¯: ton cerveau se dit que lâ€™avion est une machine Ã  risques, alors quâ€™en vrai, câ€™est tout lâ€™inverse.
    
2. Le manque de contrÃ´le ğŸ¤·â€â™‚ï¸ :
    
    Quand tu es dans un avion, câ€™est le pilote (et pas toi) qui a les manettes. Ã‡a peut Ãªtre stressant de laisser quelquâ€™un dâ€™autre gÃ©rer la situation, mÃªme si cette personne est hyper qualifiÃ©e.
    
3. Le cerveau ancestral ğŸ§  :
    
    Pour nos ancÃªtres, voler nâ€™Ã©tait pas naturel. Du coup, ton cerveau primitif envoie des signaux dâ€™alerte, mÃªme si, aujourdâ€™hui, câ€™est hyper sÃ©curisÃ©.
    
4. Les sensations physiques ğŸš€ :
    
    DÃ©collages, turbulencesâ€¦ Ton corps ressent des choses inhabituelles, et bamâ€¯! Ton cerveau les interprÃ¨te comme des dangers, alors quâ€™en rÃ©alitÃ©, ce nâ€™est quâ€™un peu dâ€™air qui secoue lâ€™avion."
article_6,Le fonctionnement du vol expliquÃ© simplement ğŸ›©ï¸,"L'avion vole grÃ¢ce Ã  une combinaison de quatre forces principales :

1. La portance :
    
    Lorsque l'avion avance, l'air circule au-dessus et en dessous des ailes. GrÃ¢ce Ã  leur forme incurvÃ©e, l'air au-dessus de lâ€™aile va plus vite que celui en dessous, crÃ©ant une diffÃ©rence de pression. Cette diffÃ©rence pousse lâ€™avion vers le haut : câ€™est ce quâ€™on appelle la portance.
    
2. La poussÃ©e :
    
    Les moteurs de l'avion gÃ©nÃ¨rent une force qui propulse lâ€™avion vers lâ€™avant. Câ€™est cette vitesse qui permet de crÃ©er la portance au niveau des ailes.
    
3. La traÃ®nÃ©e :
    
    Il s'agit de la rÃ©sistance de l'air qui freine l'avion. Les avions sont spÃ©cialement conÃ§us pour Ãªtre aÃ©rodynamiques et rÃ©duire cette traÃ®nÃ©e au maximum.
    
4. Le poids :
    
    Contrairement Ã  ce quâ€™on pourrait penser, le poids de lâ€™avion est un paramÃ¨tre bien maÃ®trisÃ©. Les ingÃ©nieurs calculent tout (carburant, passagers, bagages) pour que la portance dÃ©passe toujours le poids total.
    
    Ces forces interagissent en permanence. Le pilote et les systÃ¨mes automatiques de l'avion contrÃ´lent prÃ©cisÃ©ment ces Ã©quilibres pour maintenir un vol stable et sÃ»r."
article_6,Pourquoi lâ€™avion est conÃ§u pour rester en lâ€™air ğŸ›« ?,"1. Les moteurs modernes :
    
    Les avions de ligne utilisent des moteurs extrÃªmement puissants et fiables. MÃªme si un moteur tombe en panne, l'avion peut voler avec un seul moteur et atterrir en toute sÃ©curitÃ©.
    
2. Les systÃ¨mes de sÃ©curitÃ© :
    
    Tous les avions commerciaux sont Ã©quipÃ©s de systÃ¨mes de contrÃ´le automatique capables de corriger les mouvements et de maintenir la trajectoire, mÃªme en cas de turbulences.
    
3. Les ailes sont faites pour flotter :
    
    Les ailes sont conÃ§ues pour gÃ©nÃ©rer de la portance en permanence, mÃªme Ã  basse vitesse. En cas d'urgence, lâ€™avion peut planer sur de longues distances avant d'atterrir mÃªme sans moteurs."
article_6,Les idÃ©es reÃ§ues qui renforcent la peur ğŸ˜¨,"1. â€œLâ€™avion est trop lourd pour volerâ€ :
    
    Faux. Les lois de la physique et les calculs des ingÃ©nieurs garantissent que la portance dÃ©passe toujours le poids de lâ€™avion.
    
2. â€œEn cas de turbulence, lâ€™avion va tomberâ€ :
    
    Faux. Les turbulences sont comme des vagues dans lâ€™air, et les avions sont conÃ§us pour y rÃ©sister. Elles peuvent Ãªtre inconfortables, mais elles ne reprÃ©sentent pas un danger.
    
3. â€œSi un moteur tombe en panne, câ€™est finiâ€ :
    
    Faux. Les avions peuvent continuer Ã  voler avec un seul moteur ou mÃªme planer sans moteur."
article_7,Pourquoi avons-nous peur des turbulences ğŸŒ©ï¸Â ?,"Les turbulences activent souvent la peur car elles rÃ©veillent notre instinct de survie. Les mouvements imprÃ©vus et les bruits de lâ€™avion peuvent nous donner lâ€™impression de perdre le contrÃ´le. Pourtant, pour les pilotes, ces secousses ne sont quâ€™un dÃ©sagrÃ©ment mineur.

Les turbulences sont spectaculaires mais rares dans dâ€™autres moyens de transport. Dans une voiture ou un train, on sâ€™habitue aux bosses et secousses, mais en avion, elles nous semblent inhabituelles.

Enfin, les mÃ©dias contribuent Ã  cette peur en surmÃ©diatisant les incidents aÃ©riens, mÃªme les plus anecdotiques. Cela crÃ©e une perception biaisÃ©e et amplifie nos craintes."
article_7,Comment se forment les turbulences ğŸŒ¬ï¸ ?,"Les turbulences se produisent lorsque lâ€™air, qui semble souvent immobile Ã  nos yeux, devient agitÃ©. Imaginez lâ€™air comme un fleuve invisibleâ€¯: parfois calme, parfois rempli de courants et de remous. Les avions traversent ces remous, et cela se manifeste par des secousses.

Voici les principales causesâ€¯:

- Les courants-jets : Ce sont des vents trÃ¨s puissants, pouvant atteindre 400 km/h, qui circulent Ã  haute altitude. Lorsquâ€™un avion traverse leurs bordures, lâ€™air devient instable.
- Les orages et nuages : Les masses dâ€™air chaud et froid qui se rencontrent prÃ¨s des orages provoquent une agitation visible. MÃªme sans traverser un orage, lâ€™avion peut ressentir cette instabilitÃ© en pÃ©riphÃ©rie.
- Le relief terrestre : En volant au-dessus de montagnes, les flux dâ€™air peuvent Ãªtre perturbÃ©s et provoquer des turbulences dites Â«â€¯orographiquesâ€¯Â».
- La turbulence en ciel clair (CAT) : La plus imprÃ©visible, elle survient sans aucun signe visible, dans un ciel bleu, souvent prÃ¨s des courants-jets.

Ces phÃ©nomÃ¨nes sont naturels, inoffensifs et bien compris par les pilotes."
article_7,Les turbulences : pas plus que 20 cm ğŸ“ !,"Quand on est secouÃ© en avion, on imagine parfois que lâ€™appareil bouge dans tous les sens et que la situation est hors de contrÃ´le. Pourtant, la rÃ©alitÃ© est beaucoup plus rassurante.

En moyenne, les turbulences dÃ©placent lâ€™avion de seulement 20 cm en altitude. Oui, vous avez bien lu : 20 petits centimÃ¨tres, soit Ã  peu prÃ¨s la longueur dâ€™une rÃ¨gle dâ€™Ã©cole. Pour comparaison, câ€™est bien moins que les mouvements dâ€™une voiture sur une route un peu cabossÃ©e.

Alors, pourquoi ces 20 cm semblent-ils si impressionnants ? Câ€™est une question de perception. Le mouvement, amplifiÃ© par la hauteur Ã  laquelle on se trouve et lâ€™effet dâ€™apesanteur ressenti, peut donner lâ€™illusion dâ€™un grand chaos. Mais du point de vue de lâ€™avion, câ€™est comme si vous marchiez sur un sol lÃ©gÃ¨rement irrÃ©gulier.

En bref, la prochaine fois que vous sentez des secousses, souvenez-vous : câ€™est comme un petit cahot sur la route, rien de plusâ€¯!"
article_7,Pourquoi les turbulences ne sont pas dangereuses âœ… ?,"1. Une conception ultra-rÃ©sistante : Les avions commerciaux sont conÃ§us pour rÃ©sister Ã  des forces bien au-delÃ  de celles rencontrÃ©es dans les pires turbulences. En fait, un avion peut supporter des turbulences 10 fois plus fortes que celles possibles dans lâ€™atmosphÃ¨re terrestre. La flexibilitÃ© des ailes, par exemple, leur permet dâ€™absorber les forces sans dommage.
2. Des pilotes parfaitement formÃ©s : Les pilotes savent non seulement dÃ©tecter les turbulences grÃ¢ce aux radars embarquÃ©s, mais ils sont aussi formÃ©s pour les Ã©viter ou adapter leur vol. Si des turbulences sont inÃ©vitables, ils ajustent la vitesse ou lâ€™altitude pour minimiser lâ€™impact.
3. Des mesures de prÃ©caution : Avant le vol, les compagnies aÃ©riennes reÃ§oivent des informations dÃ©taillÃ©es sur les zones potentiellement turbulentes. Cela permet de planifier des itinÃ©raires optimaux pour les Ã©viter au maximum.
4. Un mouvement souvent minime : Bien que ressenties comme de grandes secousses, les turbulences dÃ©placent en rÃ©alitÃ© lâ€™avion de seulement quelques dizaines de centimÃ¨tres, en gÃ©nÃ©ral autour de 20 cm. Ce mouvement est imperceptible pour la structure de lâ€™avion, mais amplifiÃ© par notre perception interne.
5. Un risque limitÃ© : Le seul danger des turbulences rÃ©side dans les objets ou passagers non attachÃ©s. Câ€™est pour cette raison quâ€™on vous recommande de garder votre ceinture bouclÃ©e. Avec cette simple mesure, aucun risqueâ€¯!"